Top pages,Clicks,Impressions,CTR,Position
https://styermortgage.com/,3,751,0.4%,45.82
https://styermortgage.com/loans/jumbo.html,1,30,3.33%,14.1
https://styermortgage.com/contact.html,1,24,4.17%,30.29
https://styermortgage.com/loans/fha,0,94,0%,17.17
https://styermortgage.com/loans/jumbo,0,72,0%,27.68
https://styermortgage.com/loans/fha.html,0,65,0%,40.14
https://styermortgage.com/calculators.html,0,25,0%,31.96
https://styermortgage.com/round-rock-mortgage-lender,0,21,0%,16.38
https://styermortgage.com/round-rock-mortgage-lender.html,0,15,0%,38.8
https://styermortgage.com/about.html,0,14,0%,13.86
https://styermortgage.com/realtor-resources.html,0,8,0%,7.75
https://styermortgage.com/products.html,0,5,0%,8.2
https://styermortgage.com/calculators,0,4,0%,16.75
https://styermortgage.com/about,0,3,0%,3.67
https://styermortgage.com/blog,0,3,0%,3.67
https://styermortgage.com/products,0,3,0%,3.67
https://styermortgage.com/resources/,0,3,0%,3.67
https://styermortgage.com/realtors.html,0,1,0%,3
https://styermortgage.com/contact-us,0,1,0%,9