Top queries,Clicks,Impressions,CTR,Position
mortgage company near me,0,98,0%,63.67
mortgage lenders near me,0,92,0%,58.49
mortgage near me,0,64,0%,54.14
mortgage loans near me,0,57,0%,69.63
fha loan lenders,0,55,0%,43
mortgage banker near me,0,47,0%,41.68
home lenders near me,0,47,0%,61.47
mortgage specialist,0,40,0%,19.7
mortgage broker,0,25,0%,14.44
find a mortgage broker,0,25,0%,46.44
mortgage broker near me,0,17,0%,23.94
fha loans austin tx,0,15,0%,21.2
fha lenders near me,0,14,0%,17.14
lenders in austin,0,14,0%,63.07
austin mortgage broker,0,13,0%,25.08
mortgage lender near me,0,13,0%,28.31
fha lenders austin tx,0,12,0%,16.83
lenders in austin capitol,0,11,0%,66.82
wraparound mortgage calculator,0,8,0%,8.75
fha lenders,0,8,0%,15.75
mortgage broker austin,0,8,0%,35
fha loans near me,0,7,0%,18.43
mortgage agent near me,0,7,0%,18.86
mortgage lender austin tx,0,6,0%,46
mortgage lenders austin tx,0,6,0%,56.67
austin commercial mortgage,0,6,0%,72.67
local mortgage brokers,0,5,0%,10.8
mortgage providers near me,0,5,0%,19
interest only real estate loan in austin tx,0,4,0%,10
mortgage broker companies,0,4,0%,11.5
fha loan near me,0,4,0%,21
mortgage brokers austin tx,0,4,0%,25.75
fha loan austin tx,0,4,0%,28.5
mortgage broker austin tx,0,4,0%,33
austin mortgage lender,0,4,0%,48.75
mortgage lender austin,0,4,0%,58.75
mortgage loan officer austin tx,0,4,0%,64.5
austin apartment loans,0,4,0%,64.75
fha loan austin,0,3,0%,8.67
fha loan austin texas,0,3,0%,13.67
jumbo mortgage austin,0,3,0%,14.67
fha austin,0,3,0%,21
mortgage brokerage,0,3,0%,21
mortgage brokers in austin texas,0,3,0%,36.33
austin mortgage calculator,0,3,0%,38.33
austin home loan,0,3,0%,40.67
home loans austin,0,3,0%,50
"who offers interest-only jumbo mortgages with a 10-year io period followed 
by a 20-year amortization for borrowers with $1 million in liquid assets?",0,2,0%,10.5
austin mortgage brokers,0,2,0%,17
jumbo loan austin,0,2,0%,17
home mortgage loans round rock,0,2,0%,17.5
mortgage broker kyle tx,0,2,0%,17.5
fha lender austin tx,0,2,0%,18
mortgage companies near me,0,2,0%,19.5
mortgage agent austin tx,0,2,0%,21
mortgages near me,0,2,0%,22.5
round rock tx mortgage rates,0,2,0%,24
austin mortgage loans,0,2,0%,26
austin mortgages,0,2,0%,29
mortgage lenders austin,0,2,0%,29
mortgage brokers austin texas,0,2,0%,29.5
best lenders in austin,0,2,0%,30.5
austin mortgage lenders,0,2,0%,33.5
mortgage company austin tx,0,2,0%,44
austin home mortgage,0,2,0%,44.5
mortgage company austin,0,2,0%,45.5
austin home loans,0,2,0%,48
austin texas mortgage lenders,0,2,0%,48.5
home loans near me,0,2,0%,50.5
mortgage austin tx,0,2,0%,51
mortgage loans austin tx,0,2,0%,51.5
home loan austin,0,2,0%,52
home lenders austin tx,0,2,0%,58
mortgage calculator austin,0,2,0%,59.5
first time home buyer lenders austin tx,0,2,0%,62.5
mortgage calculator austin texas,0,2,0%,67
home loan austin texas,0,2,0%,79.5
what is a jumbo loan in texas,0,2,0%,92
3-2-1 buydown calculator,0,2,0%,96
specialist mortgage broker,0,1,0%,5
what lenders have the lowest down payment for fha loans?,0,1,0%,10
jumbo mortgage broker,0,1,0%,11
mortgage consultant austin tx,0,1,0%,11
jumbo lenders austin tx,0,1,0%,12
austin interest only real estate loan,0,1,0%,14
best mortgage lenders in austin,0,1,0%,15
mortgage consultant near me,0,1,0%,15
austin fha loans,0,1,0%,17
jumbo mortgage lenders,0,1,0%,17
mortgage loan officer near me,0,1,0%,18
mortgage kyle tx,0,1,0%,19
austin jumbo loan,0,1,0%,20
austin tx mortgage broker,0,1,0%,20
round rock mortgage lender,0,1,0%,20
austin first mortgage,0,1,0%,23
5 down jumbo loan texas,0,1,0%,25
mortgage companies austin,0,1,0%,26
austin mortgage loan,0,1,0%,27
best mortgage lenders austin,0,1,0%,30
austin mortgage,0,1,0%,31
mortgage loans austin,0,1,0%,44
austin residential real estate lenders,0,1,0%,45
mortgage lenders austin texas,0,1,0%,46
mortgage lenders in austin,0,1,0%,46
jumbo loans in new braunfels texas,0,1,0%,49
austin mortgage lending,0,1,0%,50
3 fha loan,0,1,0%,52
"fha loan the woodlands, tx",0,1,0%,70
austin commercial real estate lenders,0,1,0%,73
home loans austin tx,0,1,0%,89
residential real estate lenders in austin tx,0,1,0%,92
fha lenders austin,0,1,0%,98
reason mortgage,0,1,0%,105